,anchor,host_name,IP,avg_rtt,min_rtt,max_rtt,latitude,longitude,distance,location
,,,,,,,,,,
,IN-33,www.irctc.in,172.16.0.1,0.491,0.472,0.51,18.5903784,73.732899,1,Pimpri-Chinchwad
,IN-33,www.irctc.in,203.129.227.105,13.332,12.939,13.725,18.62978,73.79971,2,Pimpri
,IN-33,www.irctc.in,203.129.227.101,0.672,0.624,0.721,18.62978,73.79971,3,Pimpri
,IN-33,www.irctc.in,125.17.115.21,3.842,2.5,5.183,28.64302,77.22598,4,Delhi
,IN-33,www.irctc.in,182.79.141.56,5.987,5.931,6.043,19.14045,72.88234,5,Mumbai
,IN-33,www.irctc.in,125.20.143.98,6.183,6.148,6.219,19.07476,72.88554,6,Mumbai
,IN-33,www.irctc.in,182.19.109.69,46.654,46.258,47.051,19.01615,72.8186,7,Mumbai
,IN-V2-101,www.irctc.in,192.168.1.1,0.617,0.566,0.669,18.58302266,73.73676303,1,Pimpri-Chinchwad
,IN-V2-101,www.irctc.in,103.243.115.217,3.452,3.243,3.661,18.80617,75.17327,2,Ashti
,IN-V2-101,www.irctc.in,103.243.115.193,3.827,3.571,4.083,18.80617,75.17327,3,Ashti
,IN-V2-101,www.irctc.in,125.20.136.49,7.39,6.945,7.836,18.52461,73.87862,5,Pune
,IN-V2-101,www.irctc.in,182.79.141.56,10.942,10.339,11.546,19.14045,72.88234,6,Mumbai
,IN-V2-101,www.irctc.in,125.20.143.98,8.097,7.818,8.375,19.07476,72.88554,7,Mumbai
,IN-V2-101,www.irctc.in,182.19.109.69,32.315,31.005,33.625,19.01615,72.8186,8,Mumbai
,IN-17,www.irctc.in,192.168.2.1,1.157,1.147,1.167,25.6173144,85.1407654,1,Patna
,IN-17,www.irctc.in,203.193.172.1,1.976,1.631,2.32,25.5941,85.13756,2,Patna
,IN-17,www.irctc.in,172.31.231.230,10.773,10.643,10.903,19.57845,76.88234,4,Mumbai
,IN-19,www.irctc.in,192.168.0.1,1.2,1.102,1.297,23.3550692,85.3595417,1,Ranchi
,IN-19,www.irctc.in,203.129.217.1,1.76,1.443,2.077,23.3441,85.30956,2,Ranchi
,IN-19,www.irctc.in,125.16.149.129,10.126,9.706,10.546,23.35128,85.29047,3,Ranchi
,IN-19,www.irctc.in,182.79.211.35,42.841,35.047,50.634,19.14045,72.88234,4,Mumbai
,IN-19,www.irctc.in,125.20.143.98,34.595,34.526,34.665,19.07476,72.88554,5,Mumbai
,IN-19,www.irctc.in,182.19.109.69,52.316,50.531,54.1,19.01615,72.8186,6,Mumbai
,IN-44,www.irctc.in,192.168.10.1,1.038,0.93,1.146,25.4918881,81.8675096,1,Prayagraj
,IN-44,www.irctc.in,61.246.138.73,14.138,13.845,14.432,25.44968,81.84043,2,Allahabad
,IN-44,www.irctc.in,116.119.72.48,31.463,23.965,38.961,28.54279,77.27675,3,Delhi
,IN-44,www.irctc.in,116.119.50.142,23.937,23.932,23.942,28.54279,77.27675,4,Delhi
,IN-44,www.irctc.in,125.18.238.202,26.504,24.099,28.909,28.51467,77.08256,5,Gurugram
,IN-44,www.irctc.in,182.19.109.69,31.677,28.893,34.462,19.01615,72.8186,6,Mumbai
,IN-47,www.irctc.in,192.168.0.1,1.121,1.068,1.174,26.8466937,80.946166,1,Lucknow
,IN-47,www.irctc.in,203.190.147.33,1.534,1.273,1.794,28.56814,77.33546,2,Noida
,IN-47,www.irctc.in,115.113.247.57,2.453,2.363,2.543,28.63409,77.21693,3,Delhi
,IN-47,www.irctc.in,100.70.136.191,46.407,46.325,46.488,null,null,9,null
,IN-57,www.irctc.in,192.168.10.1,0.645,0.627,0.664,24.53041282,86.62450437,1,Kutabandh
,IN-57,www.irctc.in,182.72.222.125,6.186,5.851,6.521,12.97431,77.58908,2,Bangalore
,IN-57,www.irctc.in,116.119.72.92,6.385,5.232,7.538,28.54279,77.27675,3,Delhi
,IN-57,www.irctc.in,182.79.141.56,57.467,55.059,59.875,19.14045,72.88234,4,Mumbai
,IN-57,www.irctc.in,125.20.143.98,46.204,45.951,46.456,19.07476,72.88554,5,Mumbai
,IN-57,www.irctc.in,182.19.109.69,73.836,73.224,74.448,19.01615,72.8186,6,Mumbai
,IN-19,hathway.net,192.168.0.1,1.107,1.052,1.163,23.3550692,85.3595417,1,Ranchi
,IN-19,hathway.net,203.129.217.1,1.671,1.487,1.856,23.3441,85.30956,2,Ranchi
,IN-19,hathway.net,125.16.149.129,7.393,6.916,7.87,23.35128,85.29047,3,Ranchi
,IN-19,hathway.net,116.119.164.9,26.442,20.347,32.537,13.08362,80.28252,4,Chennai
,IN-19,hathway.net,182.79.164.37,14.993,14.471,15.515,28.5506,77.26802,5,Delhi
,IN-19,hathway.net,172.31.6.247,47.191,47.117,47.264,null,null,6,null
,IN-19,hathway.net,136.232.27.246,88.546,62.023,115.068,19.12418,73.00551,7,Navi Mumbai
,IN-44,hathway.net,192.168.10.1,1.014,0.958,1.07,25.4918881,81.8675096,1,Prayagraj
,IN-44,hathway.net,61.246.138.73,21.596,19.567,23.626,25.44968,81.84043,2,Allahabad
,IN-44,hathway.net,116.119.72.48,26.495,19.087,33.904,28.54279,77.27675,3,Delhi
,IN-44,hathway.net,182.79.164.31,38.915,34.603,43.228,28.5506,77.26802,4,Delhi
,IN-44,hathway.net,136.232.27.246,54.198,54.198,54.198,19.12418,73.00551,6,Navi Mumbai
,IN-47,hathway.net,192.168.0.1,1.1,1.029,1.172,26.8466937,80.946166,1,Lucknow
,IN-47,hathway.net,203.190.147.33,1.55,1.535,1.565,28.56814,77.33546,2,Noida
,IN-47,hathway.net,115.113.247.57,2.504,2.469,2.538,28.63409,77.21693,3,Delhi
,IN-47,hathway.net,115.110.210.38,17.728,17.51,17.947,28.63409,77.21693,6,Delhi
,IN-47,hathway.net,136.232.27.246,42.596,42.071,43.12,19.12418,73.00551,8,Navi Mumbai
,IN-57,hathway.net,192.168.10.1,0.646,0.643,0.65,24.53041282,86.62450437,1,Kutabandh
,IN-57,hathway.net,182.72.222.125,9.891,9.801,9.982,12.97431,77.58908,2,Bangalore
,IN-57,hathway.net,116.119.72.92,10.325,9.275,11.374,28.54279,77.27675,3,Delhi
,IN-57,hathway.net,116.119.104.68,73.012,71.932,74.092,28.54279,77.27675,4,Delhi
,IN-57,hathway.net,182.79.164.37,81.438,80.793,82.084,28.5506,77.26802,5,Delhi
,IN-57,hathway.net,136.232.27.246,72.38,71.488,73.272,19.12418,73.00551,7,Navi Mumbai
,IN-17,hathway.net,192.168.2.1,1.167,1.156,1.179,25.6173144,85.1407654,1,Patna
,IN-17,hathway.net,203.193.172.1,2.096,1.662,2.529,25.5941,85.13756,2,Patna
,IN-17,hathway.net,172.31.231.230,10.662,10.593,10.731,null,null,4,null
,IN-V2-51,hathway.net,192.168.1.1,0.479,0.409,0.549,28.4743879,77.5039904,1,Greater Noida
,IN-V2-51,hathway.net,10.240.15.12,3.635,3.617,3.653,85.753,85.976784,2,Patna
,IN-V2-51,hathway.net,125.22.133.21,4.59,4.235,4.945,28.41084,77.31146,4,Faridabad
,IN-V2-51,hathway.net,116.119.109.76,5.559,5.138,5.98,28.54279,77.27675,5,Delhi
,IN-V2-51,hathway.net,49.44.187.164,6.487,6.189,6.785,13.08362,80.28252,6,Chennai
,IN-V2-51,hathway.net,136.232.27.246,33.402,33.316,33.488,19.12418,73.00551,8,Navi Mumbai
,IN-V2-30,hathway.net,192.168.1.1,0.575,0.506,0.643,28.4621309,77.5633748,1,Greater Noida
,IN-V2-30,hathway.net,182.64.8.1,5.795,5.509,6.08,28.55349,77.12324,2,Delhi
,IN-V2-30,hathway.net,125.20.113.213,5.66,4.742,6.577,28.4595,77.02664,3,Gurgaon
,IN-V2-30,hathway.net,116.119.109.16,5.381,5.275,5.486,28.54279,77.27675,4,Delhi
,IN-V2-30,hathway.net,49.44.187.164,8.997,8.032,9.963,13.08362,80.28252,5,Chennai
,IN-V2-30,hathway.net,136.232.27.246,26.883,26.003,27.763,19.12418,73.00551,7,Navi Mumbai
,IN-48,hathway.net,192.168.10.1,0.452,0.439,0.465,30.3562138,78.0854502,1,Dehradun
,IN-48,hathway.net,203.193.159.129,1.568,1.542,1.594,30.31649,78.03219,2,Dehradun
,IN-48,hathway.net,203.193.159.125,0.726,0.667,0.786,30.31649,78.03219,3,Dehradun
,IN-48,hathway.net,14.140.206.25,2.099,2.033,2.164,28.61393,77.20883,4,New Delhi
,IN-48,hathway.net,172.28.173.173,8.353,7.952,8.755,null,null,5,null
,IN-48,hathway.net,115.110.210.38,10.831,10.744,10.918,28.63409,77.21693,7,Delhi
,IN-48,hathway.net,172.31.2.69,38.181,38.124,38.239,18.15618,73.34561,8,Navi Mumbai
,IN-48,hathway.net,136.232.27.246,37.087,36.991,37.182,19.12418,73.00551,9,Navi Mumbai
,IN-44,hathway.net,192.168.10.1,0.922,0.887,0.957,25.4918881,81.8675096,1,Prayagraj
,IN-44,hathway.net,61.246.138.73,24.294,23.747,24.842,25.44968,81.84043,2,Allahabad
,IN-44,hathway.net,116.119.72.48,26.688,19.137,34.24,28.54279,77.27675,3,Delhi
,IN-44,hathway.net,182.79.164.31,66.525,53.412,79.637,28.5506,77.26802,4,Delhi
,IN-44,hathway.net,136.232.27.246,63.917,54.092,73.741,19.12418,73.00551,6,Navi Mumbai
,IN-47,hathway.net,192.168.0.1,1.064,0.97,1.158,26.8466937,80.946166,1,Lucknow
,IN-47,hathway.net,203.190.147.33,2.152,1.955,2.349,28.56814,77.33546,2,Noida
,IN-47,hathway.net,115.113.247.57,2.733,2.593,2.873,28.63409,77.21693,3,Delhi
,IN-47,hathway.net,115.110.210.38,23.64,18.351,28.93,28.63409,77.21693,6,Delhi
,IN-47,hathway.net,136.232.27.246,42.163,41.957,42.37,19.12418,73.00551,8,Navi Mumbai
,IN-62,hathway.net,172.16.16.1,0.587,0.532,0.642,23.3023228,77.3667981,1,Bhopal
,IN-62,hathway.net,10.30.2.1,1.206,1.173,1.239,null,null,2,null
,IN-62,hathway.net,103.60.156.1,75.296,74.419,76.174,23.25993,77.41262,3,Bhopal
,IN-62,hathway.net,136.232.186.45,80.5,80.342,80.657,19.12418,73.00551,4,Navi Mumbai
,IN-62,hathway.net,172.31.2.69,58.445,22.412,94.478,null,null,5,null
,IN-62,hathway.net,136.232.27.246,22.351,22.289,22.412,19.12418,73.00551,6,Navi Mumbai
,IN-40,hathway.net,192.168.2.1,0.484,0.482,0.485,23.1644923,72.6801305,1,Gandhinagar
,IN-40,hathway.net,203.129.213.253,0.899,0.728,1.07,23.148,72.68061,2,Ghandinagar
,IN-40,hathway.net,219.65.63.245,43.355,40.137,46.572,23.02251,72.57136,3,Ahmedabad
,IN-40,hathway.net,172.28.176.253,84.002,84.002,84.002,23.56351,72.235786,4,Ahmedabad
,IN-40,hathway.net,172.25.133.182,14.812,10.391,19.234,null,null,5,null
,IN-40,hathway.net,115.110.206.74,25.265,11.71,38.821,19.14045,72.88234,6,Mumbai
,IN-40,hathway.net,136.232.27.246,11.025,10.836,11.214,19.12418,73.00551,7,Navi Mumbai
,IN-41,hathway.net,192.168.150.1,0.484,0.471,0.496,21.1221163,72.8435971,1,Surat
,IN-41,hathway.net,136.232.113.217,6.207,6.201,6.213,22.87728,72.46132,2,Sarkhej
,IN-41,hathway.net,172.31.2.75,13.627,13.289,13.965,null,null,3,null
,IN-41,hathway.net,136.232.27.246,12.427,12.37,12.484,19.12418,73.00551,4,Navi Mumbai
,IN-19,hathway.net,192.168.0.1,1.107,1.052,1.163,23.3550692,85.3595417,1,Ranchi
,IN-19,hathway.net,203.129.217.1,1.671,1.487,1.856,23.3441,85.30956,2,Ranchi
,IN-19,hathway.net,125.16.149.129,7.393,6.916,7.87,23.35128,85.29047,3,Ranchi
,IN-19,hathway.net,116.119.164.9,26.442,20.347,32.537,13.08362,80.28252,4,Chennai
,IN-19,hathway.net,182.79.164.37,14.993,14.471,15.515,28.5506,77.26802,5,Delhi
,IN-19,hathway.net,172.31.6.247,47.191,47.117,47.264,null,null,6,null
,IN-19,hathway.net,136.232.27.246,88.546,62.023,115.068,19.12418,73.00551,7,Navi Mumbai
,IN-44,hathway.net,192.168.10.1,1.014,0.958,1.07,25.4918881,81.8675096,1,Prayagraj
,IN-44,hathway.net,61.246.138.73,21.596,19.567,23.626,25.44968,81.84043,2,Allahabad
,IN-44,hathway.net,116.119.72.48,26.495,19.087,33.904,28.54279,77.27675,3,Delhi
,IN-44,hathway.net,182.79.164.31,38.915,34.603,43.228,28.5506,77.26802,4,Delhi
,IN-44,hathway.net,136.232.27.246,54.198,54.198,54.198,19.12418,73.00551,6,Navi Mumbai
,IN-47,hathway.net,192.168.0.1,1.1,1.029,1.172,26.8466937,80.946166,1,Lucknow
,IN-47,hathway.net,203.190.147.33,1.55,1.535,1.565,28.56814,77.33546,2,Noida
,IN-47,hathway.net,115.113.247.57,2.504,2.469,2.538,28.63409,77.21693,3,Delhi
,IN-47,hathway.net,115.110.210.38,17.728,17.51,17.947,28.63409,77.21693,6,Delhi
,IN-47,hathway.net,136.232.27.246,42.596,42.071,43.12,19.12418,73.00551,8,Navi Mumbai
,IN-57,hathway.net,192.168.10.1,0.646,0.643,0.65,24.53041282,86.62450437,1,Kutabandh
,IN-57,hathway.net,182.72.222.125,9.891,9.801,9.982,12.97431,77.58908,2,Bangalore
,IN-57,hathway.net,116.119.72.92,10.325,9.275,11.374,28.54279,77.27675,3,Delhi
,IN-57,hathway.net,116.119.104.68,73.012,71.932,74.092,28.54279,77.27675,4,Delhi
,IN-57,hathway.net,182.79.164.37,81.438,80.793,82.084,28.5506,77.26802,5,Delhi
,IN-57,hathway.net,136.232.27.246,72.38,71.488,73.272,19.12418,73.00551,7,Navi Mumbai
,IN-17,hathway.net,192.168.2.1,1.167,1.156,1.179,25.6173144,85.1407654,1,Patna
,IN-17,hathway.net,203.193.172.1,2.096,1.662,2.529,25.5941,85.13756,2,Patna
,IN-17,hathway.net,172.31.231.230,10.662,10.593,10.731,null,null,4,null
,IN-48,hathway.net,192.168.10.1,0.493,0.478,0.507,30.3562138,78.0854502,1,Dehradun
,IN-48,hathway.net,203.193.159.129,1.467,1.379,1.555,30.31649,78.03219,2,Dehradun
,IN-48,hathway.net,203.193.159.125,0.77,0.763,0.777,30.31649,78.03219,3,Dehradun
,IN-48,hathway.net,14.140.206.25,2.019,2.002,2.035,28.61393,77.20883,4,New Delhi
,IN-48,hathway.net,172.28.173.173,6.908,6.834,6.982,null,null,5,null
,IN-48,hathway.net,172.25.154.193,7.219,7.143,7.295,null,null,6,null
,IN-48,hathway.net,115.110.210.38,10.822,10.731,10.914,28.63409,77.21693,7,Delhi
,IN-48,hathway.net,172.31.2.69,37.971,37.855,38.087,null,null,8,null
,IN-48,hathway.net,136.232.27.246,36.914,36.89,36.938,19.12418,73.00551,9,Navi Mumbai
,IN-V2-51,hathway.net,192.168.1.1,0.561,0.496,0.626,28.4743879,77.5039904,1,Greater Noida
,IN-V2-51,hathway.net,10.240.15.12,3.562,3.522,3.602,null,null,2,null
,IN-V2-51,hathway.net,125.22.133.21,4.353,4.219,4.486,28.41084,77.31146,4,Faridabad
,IN-V2-51,hathway.net,116.119.109.76,5.691,5.25,6.132,28.54279,77.27675,5,Delhi
,IN-V2-51,hathway.net,49.44.187.164,6.57,6.391,6.75,13.08362,80.28252,6,Chennai
,IN-V2-51,hathway.net,136.232.27.246,33.456,33.404,33.508,19.12418,73.00551,8,Navi Mumbai
,IN-V2-30,hathway.net,192.168.1.1,0.619,0.59,0.648,28.4621309,77.5633748,1,Greater Noida
,IN-V2-30,hathway.net,182.64.8.1,4.729,3.892,5.567,28.55349,77.12324,2,Delhi
,IN-V2-30,hathway.net,125.20.113.213,5.732,5.552,5.911,28.4595,77.02664,3,Gurgaon
,IN-V2-30,hathway.net,116.119.109.16,5.363,5.137,5.589,28.54279,77.27675,4,Delhi
,IN-V2-30,hathway.net,49.44.187.164,6.401,5.315,7.487,13.08362,80.28252,5,Chennai
,IN-V2-30,hathway.net,136.232.27.246,28.506,27.655,29.357,19.12418,73.00551,7,Navi Mumbai
,IN-19,hathway.net,192.168.0.1,1.107,1.052,1.163,23.3550692,85.3595417,1,Ranchi
,IN-19,hathway.net,203.129.217.1,1.671,1.487,1.856,23.3441,85.30956,2,Ranchi
,IN-19,hathway.net,125.16.149.129,7.393,6.916,7.87,23.35128,85.29047,3,Ranchi
,IN-19,hathway.net,116.119.164.9,26.442,20.347,32.537,13.08362,80.28252,4,Chennai
,IN-19,hathway.net,182.79.164.37,14.993,14.471,15.515,28.5506,77.26802,5,Delhi
,IN-19,hathway.net,172.31.6.247,47.191,47.117,47.264,null,null,6,null
,IN-19,hathway.net,136.232.27.246,88.546,62.023,115.068,19.12418,73.00551,7,Navi Mumbai
,IN-44,hathway.net,192.168.10.1,1.014,0.958,1.07,25.4918881,81.8675096,1,Prayagraj
,IN-44,hathway.net,61.246.138.73,21.596,19.567,23.626,25.44968,81.84043,2,Allahabad
,IN-44,hathway.net,116.119.72.48,26.495,19.087,33.904,28.54279,77.27675,3,Delhi
,IN-44,hathway.net,182.79.164.31,38.915,34.603,43.228,28.5506,77.26802,4,Delhi
,IN-44,hathway.net,136.232.27.246,54.198,54.198,54.198,19.12418,73.00551,6,Navi Mumbai
,IN-47,hathway.net,192.168.0.1,1.1,1.029,1.172,26.8466937,80.946166,1,Lucknow
,IN-47,hathway.net,203.190.147.33,1.55,1.535,1.565,28.56814,77.33546,2,Noida
,IN-47,hathway.net,115.113.247.57,2.504,2.469,2.538,28.63409,77.21693,3,Delhi
,IN-47,hathway.net,115.110.210.38,17.728,17.51,17.947,28.63409,77.21693,6,Delhi
,IN-47,hathway.net,136.232.27.246,42.596,42.071,43.12,19.12418,73.00551,8,Navi Mumbai
,IN-57,hathway.net,192.168.10.1,0.646,0.643,0.65,24.53041282,86.62450437,1,Kutabandh
,IN-57,hathway.net,182.72.222.125,9.891,9.801,9.982,12.97431,77.58908,2,Bangalore
,IN-57,hathway.net,116.119.72.92,10.325,9.275,11.374,28.54279,77.27675,3,Delhi
,IN-57,hathway.net,116.119.104.68,73.012,71.932,74.092,28.54279,77.27675,4,Delhi
,IN-57,hathway.net,182.79.164.37,81.438,80.793,82.084,28.5506,77.26802,5,Delhi
,IN-57,hathway.net,136.232.27.246,72.38,71.488,73.272,19.12418,73.00551,7,Navi Mumbai
,IN-17,hathway.net,192.168.2.1,1.167,1.156,1.179,25.6173144,85.1407654,1,Patna
,IN-17,hathway.net,203.193.172.1,2.096,1.662,2.529,25.5941,85.13756,2,Patna
,IN-17,hathway.net,172.31.231.230,10.662,10.593,10.731,null,null,4,null
,IN-V2-51,hathway.net,192.168.1.1,0.479,0.409,0.549,28.4743879,77.5039904,1,Greater Noida
,IN-V2-51,hathway.net,10.240.15.12,3.635,3.617,3.653,null,null,2,null
,IN-V2-51,hathway.net,125.22.133.21,4.59,4.235,4.945,28.41084,77.31146,4,Faridabad
,IN-V2-51,hathway.net,116.119.109.76,5.559,5.138,5.98,28.54279,77.27675,5,Delhi
,IN-V2-51,hathway.net,49.44.187.164,6.487,6.189,6.785,13.08362,80.28252,6,Chennai
,IN-V2-51,hathway.net,136.232.27.246,33.402,33.316,33.488,19.12418,73.00551,8,Navi Mumbai
,IN-V2-30,hathway.net,192.168.1.1,0.575,0.506,0.643,28.4621309,77.5633748,1,Greater Noida
,IN-V2-30,hathway.net,182.64.8.1,5.795,5.509,6.08,28.55349,77.12324,2,Delhi
,IN-V2-30,hathway.net,125.20.113.213,5.66,4.742,6.577,28.4595,77.02664,3,Gurgaon
,IN-V2-30,hathway.net,116.119.109.16,5.381,5.275,5.486,28.54279,77.27675,4,Delhi
,IN-V2-30,hathway.net,49.44.187.164,8.997,8.032,9.963,13.08362,80.28252,5,Chennai
,IN-V2-30,hathway.net,136.232.27.246,26.883,26.003,27.763,19.12418,73.00551,7,Navi Mumbai
,IN-48,hathway.net,192.168.10.1,0.452,0.439,0.465,30.3562138,78.0854502,1,Dehradun
,IN-48,hathway.net,203.193.159.129,1.568,1.542,1.594,30.31649,78.03219,2,Dehradun
,IN-48,hathway.net,203.193.159.125,0.726,0.667,0.786,30.31649,78.03219,3,Dehradun
,IN-48,hathway.net,14.140.206.25,2.099,2.033,2.164,28.61393,77.20883,4,New Delhi
,IN-48,hathway.net,172.28.173.173,8.353,7.952,8.755,null,null,5,null
,IN-48,hathway.net,115.110.210.38,10.831,10.744,10.918,28.63409,77.21693,7,Delhi
,IN-48,hathway.net,172.31.2.69,38.181,38.124,38.239,null,null,8,null
,IN-48,hathway.net,136.232.27.246,37.087,36.991,37.182,19.12418,73.00551,9,Navi Mumbai
,IN-44,hathway.net,192.168.10.1,0.922,0.887,0.957,25.4918881,81.8675096,1,Prayagraj
,IN-44,hathway.net,61.246.138.73,24.294,23.747,24.842,25.44968,81.84043,2,Allahabad
,IN-44,hathway.net,116.119.72.48,26.688,19.137,34.24,28.54279,77.27675,3,Delhi
,IN-44,hathway.net,182.79.164.31,66.525,53.412,79.637,28.5506,77.26802,4,Delhi
,IN-44,hathway.net,136.232.27.246,63.917,54.092,73.741,19.12418,73.00551,6,Navi Mumbai
,IN-47,hathway.net,192.168.0.1,1.064,0.97,1.158,26.8466937,80.946166,1,Lucknow
,IN-47,hathway.net,203.190.147.33,2.152,1.955,2.349,28.56814,77.33546,2,Noida
,IN-47,hathway.net,115.113.247.57,2.733,2.593,2.873,28.63409,77.21693,3,Delhi
,IN-47,hathway.net,115.110.210.38,23.64,18.351,28.93,28.63409,77.21693,6,Delhi
,IN-47,hathway.net,136.232.27.246,42.163,41.957,42.37,19.12418,73.00551,8,Navi Mumbai
,IN-62,hathway.net,172.16.16.1,0.587,0.532,0.642,23.3023228,77.3667981,1,Bhopal
,IN-62,hathway.net,10.30.2.1,1.206,1.173,1.239,null,null,2,null
,IN-62,hathway.net,103.60.156.1,75.296,74.419,76.174,23.25993,77.41262,3,Bhopal
,IN-62,hathway.net,136.232.186.45,80.5,80.342,80.657,19.12418,73.00551,4,Navi Mumbai
,IN-62,hathway.net,172.31.2.69,58.445,22.412,94.478,null,null,5,null
,IN-62,hathway.net,136.232.27.246,22.351,22.289,22.412,19.12418,73.00551,6,Navi Mumbai
,IN-2,hathway.net,192.168.29.1,2.418,1.74,3.095,24.26854206,87.24865692,1,Dumka
,IN-2,hathway.net,10.21.248.1,6.757,4.968,8.545,23.56268542,87.38735,2,Dumka
,IN-2,hathway.net,172.16.13.2,10.717,10.609,10.825,25.6755,87.9965692,3,Dumka
,IN-2,hathway.net,192.168.86.240,8.846,8.039,9.652,24.26854206,85.24865692,4,Dumka
,IN-2,hathway.net,172.26.104.52,7.784,7.523,8.045,23.4567206,88.975292,5,Dumka
,IN-2,hathway.net,172.26.104.147,10.039,8.911,11.168,24.26854206,87.248692,6,Dumka
,IN-2,hathway.net,192.168.85.52,10.157,9.623,10.691,25.674,87.95492,7,Dumka
,IN-2,hathway.net,136.232.27.246,33.655,32.562,34.749,19.12418,73.00551,11,Navi Mumbai
,IN-13,hathway.net,192.168.10.1,0.917,0.912,0.922,26.7231395,88.3960957,1,Siliguri
,IN-13,hathway.net,122.186.246.13,32.082,25.696,38.468,24.94805,84.00928,2,Sasaram
,IN-13,hathway.net,116.119.104.88,28.201,27.68,28.723,28.54279,77.27675,3,Delhi
,IN-13,hathway.net,182.79.164.37,123.935,73.848,174.022,28.5506,77.26802,4,Delhi
,IN-13,hathway.net,136.232.27.246,58.894,58.841,58.946,19.12418,73.00551,6,Navi Mumbai
,IN-12,hathway.net,192.168.10.1,0.826,0.824,0.828,22.0619697,88.0810686,1,Haldia
,IN-12,hathway.net,125.18.52.33,3.911,3.654,4.168,22.06287,88.08274,2,Haldia
,IN-12,hathway.net,116.119.72.56,6.741,5.163,8.319,28.54279,77.27675,3,Delhi
,IN-12,hathway.net,116.119.72.56,4.088,3.769,4.407,28.54279,77.27675,4,Delhi
,IN-12,hathway.net,116.119.121.49,6.32,6.291,6.349,28.54279,77.27675,5,Delhi
,IN-12,hathway.net,182.79.164.37,36.277,35.038,37.517,28.5506,77.26802,6,Delhi
,IN-12,hathway.net,136.232.27.246,34.921,34.891,34.952,19.12418,73.00551,8,Navi Mumbai
,IN-54,hathway.net,192.168.0.1,1.118,1.107,1.129,25.590549,91.8878483,1,Shillong
,IN-54,hathway.net,192.168.3.1,1.909,1.729,2.089,null,null,2,null
,IN-V2-07,hathway.net,192.168.29.1,0.714,0.611,0.816,22.6819879,88.4626431,1,Kolkata
,IN-V2-07,hathway.net,10.228.8.1,2.578,2.358,2.798,null,null,2,null
,IN-V2-07,hathway.net,172.16.19.1,3.513,3.357,3.669,22.6825,88.4635,3,Kolkata
,IN-V2-07,hathway.net,192.168.105.50,3.147,2.958,3.336,22.6832,88.4628,4,Kolkata
,IN-V2-07,hathway.net,172.26.110.148,3.673,3.557,3.789,22.684,88.4642,5,Kolkata
,IN-V2-07,hathway.net,172.26.110.162,4.142,3.816,4.468,22.6828,88.463,6,Kolkata
,IN-V2-07,hathway.net,192.168.37.21,3.954,3.953,3.956,22.6835,88.4625,7,Kolkata
,IN-V2-07,hathway.net,136.232.27.246,39.231,39.009,39.454,19.12418,73.00551,11,Navi Mumbai
,IN-V2-229,hathway.net,192.168.7.1,0.63,0.6,0.66,22.4969825,88.3991579,1,Kolkata
,IN-V2-229,hathway.net,192.168.1.1,0.986,0.888,1.085,null,null,2,null
,IN-V2-229,hathway.net,172.24.27.129,1.811,1.32,2.301,22.5528,88.37172,3,Kolkata
,IN-V2-229,hathway.net,203.171.243.225,2.242,2.241,2.242,22.5528,88.37172,4,Kolkata
,IN-V2-229,hathway.net,192.168.199.53,4.862,4.62,5.105,null,null,6,null
,IN-V2-229,hathway.net,203.171.240.1,2.901,2.77,3.031,22.57859,88.47185,7,Dam Dam
,IN-V2-229,hathway.net,115.112.10.50,3.344,3.218,3.469,22.57061,88.37131,9,Kolkata
,IN-V2-229,hathway.net,136.232.27.246,37.555,37.411,37.698,19.12418,73.00551,11,Navi Mumbai
,IN-V2-229,hathway.net,192.168.221.181,37.055,36.807,37.303,null,null,12,null
,IN-V2-193,hathway.net,10.230.244.1,0.537,0.511,0.563,22.5753931,88.4797903,1,New Town
,IN-V2-193,hathway.net,192.168.199.53,3.074,2.587,3.562,null,null,3,null
,IN-V2-193,hathway.net,203.171.240.1,1.935,1.597,2.272,22.57859,88.47185,4,Dam Dam
,IN-V2-193,hathway.net,115.112.10.50,2.385,2.362,2.408,22.57061,88.37131,6,Kolkata
,IN-V2-193,hathway.net,136.232.27.246,35.539,35.526,35.552,19.12418,73.00551,8,Navi Mumbai
,IN-V2-193,hathway.net,192.168.221.181,34.058,34.056,34.06,null,null,9,null
,IN-28,jio.in,192.168.0.1,0.566,0.535,0.596,13.0826802,80.2707184,1,Chennai
,IN-28,jio.in,203.129.222.145,11.466,11.117,11.815,13.0843,80.27046,2,Chennai
,IN-28,jio.in,203.193.158.20,23.089,22.299,23.879,13.0843,80.27046,3,Chennai
,IN-28,jio.in,59.160.150.5,26.706,25.876,27.537,23.01101,72.50292,4,Ahmedabad
,IN-28,jio.in,172.29.209.113,24.9,24.698,25.102,null,null,5,null
,IN-28,jio.in,14.141.123.226,25.919,25.864,25.974,13.0843,80.27046,6,Chennai
,IN-28,jio.in,150.222.14.37,27.715,26.015,29.416,1.35208,103.81984,12,Singapore
,IN-28,jio.in,3.33.130.190,25.616,25.453,25.779,47.6224,-122.33691,13,Seattle
,IN-39,jio.in,192.168.5.100,1.006,0.911,1.101,11.9415915,79.8083133,1,Puducherry
,IN-39,jio.in,203.193.135.2,1.413,1.301,1.525,21.1458,79.08816,2,Nagpur
,IN-39,jio.in,136.232.208.209,8.51,8.491,8.528,13.0843,80.27046,3,Chennai
,IN-39,jio.in,172.26.29.107,9.066,9.041,9.09,null,null,4,null
,IN-39,jio.in,3.33.130.190,8.392,8.325,8.458,47.6224,-122.33691,13,Seattle
,IN-31,jio.in,192.168.0.2,0.643,0.611,0.675,11.07779105,76.98987909,1,Coimbatore
,IN-31,jio.in,203.129.254.17,0.886,0.779,0.992,11.01685,76.95583,2,Coimbatore
,IN-31,jio.in,121.241.155.113,1.574,1.228,1.919,23.01101,72.50292,3,Ahmedabad
,IN-31,jio.in,172.31.167.58,17.803,16.193,19.413,null,null,4,null
,IN-31,jio.in,14.141.123.226,16.237,16.231,16.243,13.0843,80.27046,5,Chennai
,IN-31,jio.in,150.222.14.39,39.46,18.609,60.31,1.35208,103.81984,11,Singapore
,IN-31,jio.in,3.33.130.190,15.988,15.986,15.991,47.6224,-122.33691,12,Seattle
,IN-V2-198,jio.in,192.168.1.1,0.519,0.445,0.592,13.02136804,77.75943871,1,Bengaluru
,IN-V2-198,jio.in,10.240.9.208,5.475,5.401,5.549,null,null,2,null
,IN-V2-198,jio.in,125.18.215.61,7.701,3.016,12.386,12.9716,77.59456,4,Bangalore
,IN-V2-198,jio.in,116.119.68.114,4.394,3.024,5.765,13.08362,80.28252,5,Chennai
,IN-V2-198,jio.in,150.222.14.33,14.88,13.969,15.791,1.35208,103.81984,11,Singapore
,IN-V2-198,jio.in,3.33.130.190,11.198,10.753,11.642,47.6224,-122.33691,12,Seattle
,IN-V2-249,jio.in,10.100.100.100,0.929,0.919,0.939,12.929649,77.622468,1,Bengaluru
,IN-V2-249,jio.in,192.168.1.1,1.522,1.402,1.642,null,null,2,null
,IN-V2-249,jio.in,103.176.234.97,2.641,2.328,2.954,12.98498,77.588,3,Bangalore
,IN-V2-249,jio.in,52.95.67.75,17.643,14.381,20.905,19.07598,72.87766,8,Mumbai City
,IN-V2-249,jio.in,52.95.67.96,15.011,14.644,15.377,19.07598,72.87766,9,Mumbai City
,IN-V2-249,jio.in,3.33.130.190,14.475,14.279,14.671,47.6224,-122.33691,10,Seattle
,IN-V2-164,jio.in,192.168.9.254,0.263,0.227,0.298,8.5241391,76.9366376,1,Thiruvananthapuram
,IN-V2-164,jio.in,103.121.26.101,0.536,0.513,0.559,8.52414,76.93664,2,Thiruvananthapuram
,IN-V2-164,jio.in,121.244.53.25,1.575,1.394,1.755,9.93096,76.30028,3,Ernakulam
,IN-V2-164,jio.in,172.31.167.58,23.534,23.423,23.645,null,null,4,null
,IN-V2-164,jio.in,14.141.123.226,22.246,22.211,22.282,13.0843,80.27046,5,Chennai
,IN-V2-164,jio.in,150.222.14.43,25.268,23.987,26.55,1.35208,103.81984,11,Singapore
,IN-V2-164,jio.in,3.33.130.190,20.78,20.696,20.864,47.6224,-122.33691,12,Seattle
,IN-V2-134,jio.in,192.168.1.1,0.812,0.741,0.883,12.8630352,77.4379779,1,Bengaluru
,IN-V2-134,jio.in,223.178.56.1,14.253,3.367,25.139,12.97431,77.58908,2,Bangalore
,IN-V2-134,jio.in,122.187.95.101,10.101,9.4,10.802,12.9716,77.59456,3,Bangalore
,IN-V2-134,jio.in,150.222.14.33,17.838,14.76,20.916,1.35208,103.81984,9,Singapore
,IN-V2-134,jio.in,3.33.130.190,11.217,10.615,11.818,47.6224,-122.33691,10,Seattle
,IN-V2-208,jio.in,192.168.0.1,0.44,0.434,0.447,13.0569467,80.242469,1,Chennai
,IN-V2-208,jio.in,150.222.14.43,7.86,6.945,8.776,1.35208,103.81984,9,Singapore
,IN-V2-208,jio.in,3.33.130.190,0.882,0.777,0.987,47.6224,-122.33691,10,Seattle
,IN-2,meghalaya.gov.in,192.168.29.1,2.973,1.451,4.495,24.26854206,87.24865692,1,Dumka
,IN-2,meghalaya.gov.in,10.21.248.1,5.963,4.502,7.424,24.26854206,87.24865692,2,Dumka
,IN-2,meghalaya.gov.in,172.16.13.2,10.349,10.131,10.568,24.27,87.25,3,Dumka
,IN-2,meghalaya.gov.in,192.168.86.238,9.808,9.552,10.063,24.2655,87.2455,4,Jharkand
,IN-2,meghalaya.gov.in,172.26.104.52,9.14,8.654,9.626,24.2678,87.2472,5,Jharkand
,IN-2,meghalaya.gov.in,172.26.104.147,10.206,9.602,10.811,24.2692,87.249,6,Dumka
,IN-2,meghalaya.gov.in,192.168.85.52,10.105,9.743,10.467,null,null,7,null
,IN-2,meghalaya.gov.in,115.244.136.18,31.419,31.114,31.723,28.99641,77.02587,11,Sonipat
,IN-2,meghalaya.gov.in,115.244.136.22,31.629,30.674,32.584,28.99641,77.02587,12,Sonipat
,IN-13,meghalaya.gov.in,192.168.10.1,0.867,0.82,0.914,26.7231395,88.3960957,1,Siliguri
,IN-13,meghalaya.gov.in,122.186.246.13,26.81,26.047,27.573,24.94805,84.00928,2,Sasaram
,IN-13,meghalaya.gov.in,116.119.46.40,64.334,64.157,64.51,28.54279,77.27675,3,Delhi
,IN-13,meghalaya.gov.in,61.246.99.86,70.964,67.17,74.759,28.40046,77.31001,4,Faridabad
,IN-12,meghalaya.gov.in,192.168.10.1,0.778,0.777,0.779,22.0619697,88.0810686,1,Haldia
,IN-12,meghalaya.gov.in,125.18.52.33,5,4.888,5.111,22.06287,88.08274,2,Haldia
,IN-12,meghalaya.gov.in,116.119.72.56,5.71,5.478,5.942,28.54279,77.27675,3,Delhi
,IN-12,meghalaya.gov.in,116.119.72.56,7.503,5.064,9.942,28.54279,77.27675,4,Delhi
,IN-12,meghalaya.gov.in,116.119.35.162,50.938,50.862,51.015,28.54279,77.27675,5,Delhi
,IN-12,meghalaya.gov.in,61.246.99.86,56.064,55.955,56.173,28.40046,77.31001,6,Faridabad
,IN-54,meghalaya.gov.in,192.168.0.1,1.495,1.412,1.578,25.590549,91.8878483,1,Shillong
,IN-54,meghalaya.gov.in,192.168.3.1,2.362,1.777,2.948,null,null,2,null
,IN-67,meghalaya.gov.in,192.168.1.1,0.897,0.846,0.948,24.8420384,93.9409458,1,Imphal
,IN-67,meghalaya.gov.in,117.209.112.1,2.098,1.898,2.298,13.02828,77.5936,2,Bengaluru
,IN-67,meghalaya.gov.in,10.219.12.38,2.126,1.888,2.364,null,null,3,null
,IN-67,meghalaya.gov.in,117.236.114.33,61.825,60.943,62.707,30.71423,76.77868,6,Chandigarh
,IN-V2-07,meghalaya.gov.in,192.168.29.1,0.885,0.883,0.886,22.6819879,88.4626431,1,Kolkata
,IN-V2-07,meghalaya.gov.in,10.228.8.1,2.477,2.286,2.667,22.683,88.4635,2,Kolkata
,IN-V2-07,meghalaya.gov.in,172.16.19.5,4.491,4.378,4.605,22.6825,88.464,3,Kolkata
,IN-V2-07,meghalaya.gov.in,192.168.105.50,4.23,3.814,4.646,22.6832,88.4628,4,Kolkata
,IN-V2-07,meghalaya.gov.in,172.26.110.148,3.555,3.061,4.049,22.684,88.4642,5,Kolkata
,IN-V2-07,meghalaya.gov.in,172.26.110.162,5.026,4.606,5.445,22.6828,88.463,6,Kolkata
,IN-V2-07,meghalaya.gov.in,192.168.37.25,4.642,4.535,4.749,22.6835,88.4625,7,Kolkata
,IN-V2-07,meghalaya.gov.in,115.244.136.18,28.705,28.692,28.718,28.99641,77.02587,12,Sonipat
,IN-V2-07,meghalaya.gov.in,115.244.136.22,27.977,27.607,28.347,27.34641,76.98687,13,Sonipat
,IN-V2-229,meghalaya.gov.in,192.168.7.1,0.819,0.716,0.923,22.4969825,88.3991579,1,Kolkata
,IN-V2-229,meghalaya.gov.in,192.168.1.1,1.237,1.136,1.338,28.99641,77.78987,12,Sonipat
,IN-V2-229,meghalaya.gov.in,172.24.27.129,2.252,1.951,2.552,28.997,77.0265,13,Sonipat
,IN-V2-229,meghalaya.gov.in,203.171.243.225,3.139,3.132,3.145,22.5528,88.37172,4,Kolkata
,IN-V2-229,meghalaya.gov.in,192.168.199.53,4.41,4.36,4.46,null,null,6,null
,IN-V2-229,meghalaya.gov.in,203.171.240.1,2.746,2.571,2.921,22.57859,88.47185,7,Dam Dam
,IN-V2-229,meghalaya.gov.in,203.199.9.218,27.057,26.873,27.242,28.4595,77.02664,9,Gurgaon
,IN-V2-193,meghalaya.gov.in,10.230.244.1,0.513,0.489,0.537,22.5753931,88.4797903,1,New Town
,IN-V2-193,meghalaya.gov.in,192.168.199.53,3.704,3.542,3.866,null,null,3,null
,IN-V2-193,meghalaya.gov.in,203.199.9.218,25.584,25.519,25.65,28.4595,77.02664,6,Gurgaon
,IN-40,titan.co.in,192.168.2.1,0.536,0.534,0.539,23.1644923,72.6801305,1,Gandhinagar
,IN-40,titan.co.in,203.129.213.253,0.878,0.848,0.909,23.148,72.68061,2,Ghandinagar
,IN-40,titan.co.in,219.65.63.245,16.17,5.591,26.748,23.02251,72.57136,3,Ahmedabad
,IN-40,titan.co.in,172.28.176.177,10.317,10.29,10.344,null,null,4,null
,IN-40,titan.co.in,162.158.226.17,11.566,11.506,11.626,19.14045,72.88234,7,Mumbai
,IN-41,titan.co.in,192.168.150.1,0.466,0.461,0.472,21.1221163,72.8435971,1,Surat
,IN-41,titan.co.in,136.232.113.217,6.444,6.25,6.638,22.87728,72.46132,2,Sarkhej
,IN-41,titan.co.in,172.16.4.152,18.585,18.279,18.892,21.7538,72.46132,3,null
,IN-41,titan.co.in,172.16.4.152,17.884,17.751,18.017,22.87728,72.46132,4,Mumbai
,IN-41,titan.co.in,162.158.226.73,22.183,20.476,23.89,19.14045,72.88234,6,Mumbai
,IN-62,titan.co.in,172.16.16.1,0.599,0.556,0.642,23.3023228,77.3667981,1,Bhopal
,IN-62,titan.co.in,10.30.2.1,1.525,1.467,1.583,null,null,2,null
,IN-62,titan.co.in,103.60.156.1,154.89,130.22,179.56,23.25993,77.41262,3,Bhopal
,IN-62,titan.co.in,136.232.186.45,80.507,80.011,81.003,19.12418,73.00551,4,Navi Mumbai
,IN-62,titan.co.in,172.16.4.152,63.372,25.965,100.779,null,null,5,null
,IN-62,titan.co.in,162.158.226.93,30.773,25.196,36.351,19.14045,72.88234,7,Mumbai
,IN-V2-51,171.76.87.191,192.168.1.1,0.547,0.463,0.63,28.4743879,77.5039904,1,Greater Noida
,IN-V2-51,171.76.87.191,10.240.15.12,4.548,3.953,5.142,null,null,2,null
,IN-V2-51,171.76.87.191,172.31.0.147,8.005,7.034,8.976,null,null,3,null
,IN-V2-51,171.76.87.191,152.52.174.61,3.857,3.755,3.958,28.61393,77.20883,4,New Delhi
,IN-V2-51,171.76.87.191,182.79.141.70,48.975,48.929,49.021,19.14045,72.88234,5,Mumbai
,IN-28,airtel.in,192.168.0.1,0.898,0.579,1.216,13.0826802,80.2707184,1,Chennai
,IN-28,airtel.in,203.129.222.145,11.616,11.219,12.014,13.0843,80.27046,2,Chennai
,IN-28,airtel.in,203.193.158.20,21.401,20.855,21.948,13.0843,80.27046,3,Chennai
,IN-28,airtel.in,59.160.150.5,26.619,25.486,27.752,23.01101,72.50292,4,Ahmedabad
,IN-28,airtel.in,172.31.155.74,57.16,56.035,58.285,null,null,5,null
,IN-28,airtel.in,115.110.210.66,63.67,61.347,65.994,28.63409,77.21693,6,Delhi
,IN-28,airtel.in,182.79.235.252,63.633,63.538,63.728,28.5506,77.26802,7,Delhi
,IN-39,airtel.in,192.168.5.100,1.012,0.934,1.09,11.9415915,79.8083133,1,Puducherry
,IN-39,airtel.in,203.193.135.2,1.47,1.332,1.609,21.1458,79.08816,2,Nagpur
,IN-39,airtel.in,136.232.208.209,9.137,8.668,9.606,13.0843,80.27046,3,Chennai
,IN-39,airtel.in,172.16.5.182,8.51,8.384,8.636,null,null,4,null
,IN-39,airtel.in,172.16.5.182,8.063,8.054,8.073,null,null,5,null
,IN-39,airtel.in,49.44.220.189,8.397,8.299,8.494,19.12418,73.00551,6,Navi Mumbai
,IN-31,airtel.in,192.168.0.2,0.684,0.673,0.695,11.07779105,76.98987909,1,Coimbatore
,IN-31,airtel.in,203.129.254.17,0.856,0.782,0.93,11.01685,76.95583,2,Coimbatore
,IN-31,airtel.in,59.144.62.33,2.441,2.326,2.556,8.52414,76.93664,3,Thiruvananthapuram
,IN-31,airtel.in,116.119.72.22,3.602,3.543,3.661,28.54279,77.27675,4,Delhi
,IN-31,airtel.in,116.119.72.22,3.133,3.098,3.169,28.54279,77.27675,5,Delhi
,IN-31,airtel.in,116.119.57.114,60.146,60.092,60.2,13.08362,80.28252,6,Chennai
,IN-V2-198,airtel.in,192.168.1.1,0.501,0.431,0.571,13.02136804,77.75943871,1,Bengaluru
,IN-V2-198,airtel.in,10.240.9.208,5.236,5.041,5.431,null,null,2,null
,IN-V2-198,airtel.in,125.18.215.57,4.389,3.225,5.553,12.9716,77.59456,4,Bangalore
,IN-V2-198,airtel.in,116.119.121.61,49.092,48.546,49.638,28.54279,77.27675,5,Delhi
,IN-V2-249,airtel.in,10.100.100.100,0.952,0.934,0.971,12.929649,77.622468,1,Bengaluru
,IN-V2-249,airtel.in,192.168.1.1,1.567,1.451,1.683,null,null,2,null
,IN-V2-249,airtel.in,103.176.234.97,2.938,2.422,3.455,12.98498,77.588,3,Bangalore
,IN-V2-249,airtel.in,103.176.234.137,3.17,3.037,3.302,12.98498,77.588,4,Bangalore
,IN-V2-249,airtel.in,182.78.39.165,4.374,4.239,4.508,12.91414,74.85596,5,Mangalore
,IN-V2-249,airtel.in,116.119.121.61,44.631,44.62,44.643,28.54279,77.27675,6,Delhi
,IN-V2-164,airtel.in,192.168.9.254,0.236,0.234,0.238,8.5241391,76.9366376,1,Thiruvananthapuram
,IN-V2-164,airtel.in,117.241.78.1,2.333,2.245,2.42,8.52414,76.93664,2,Thiruvananthapuram
,IN-V2-164,airtel.in,10.219.29.41,2.027,1.654,2.399,null,null,3,null
,IN-V2-164,airtel.in,10.219.29.42,3.504,3.367,3.64,null,null,4,null
,IN-V2-164,airtel.in,182.72.165.153,21.475,21.475,21.475,12.96287,77.57751,9,Bangalore
,IN-V2-164,airtel.in,182.79.141.128,64.441,64.154,64.727,19.14045,72.88234,10,Mumbai
,IN-V2-134,airtel.in,192.168.1.1,0.839,0.824,0.854,12.8630352,77.4379779,1,Bengaluru
,IN-V2-134,airtel.in,223.178.56.1,18.568,4.565,32.571,12.97431,77.58908,2,Bangalore
,IN-V2-134,airtel.in,122.187.95.97,6.234,4.536,7.933,12.9716,77.59456,3,Bangalore
,IN-V2-134,airtel.in,116.119.121.61,50.63,49.683,51.577,28.54279,77.27675,4,Delhi
,IN-V2-208,airtel.in,192.168.0.1,0.422,0.401,0.443,13.0569467,80.242469,1,Chennai
,IN-V2-208,airtel.in,172.31.155.74,32.196,32.196,32.196,null,null,5,null
,IN-V2-208,airtel.in,115.110.232.174,38.708,38.704,38.711,28.63409,77.21693,6,Delhi
,IN-V2-208,airtel.in,182.79.235.252,44.726,44.701,44.75,28.5506,77.26802,7,Delhi
,IN-28,iisc.ac.in,192.168.0.1,0.581,0.578,0.584,13.0826802,80.2707184,1,Chennai
,IN-28,iisc.ac.in,203.129.222.145,12.378,11.992,12.764,13.0843,80.27046,2,Chennai
,IN-28,iisc.ac.in,203.193.158.20,23.328,23.04,23.616,13.0843,80.27046,3,Chennai
,IN-28,iisc.ac.in,59.160.150.5,26.604,26.308,26.901,23.01101,72.50292,4,Ahmedabad
,IN-28,iisc.ac.in,172.31.167.45,27.398,27.114,27.682,null,null,5,null
,IN-28,iisc.ac.in,13.71.49.222,40.896,40.835,40.956,18.50423,73.85286,16,Pune
,IN-39,iisc.ac.in,192.168.5.100,1.028,0.997,1.06,11.9415915,79.8083133,1,Puducherry
,IN-39,iisc.ac.in,203.193.135.2,1.512,1.374,1.651,21.1458,79.08816,2,Nagpur
,IN-39,iisc.ac.in,136.232.208.209,8.566,8.468,8.664,13.0843,80.27046,3,Chennai
,IN-39,iisc.ac.in,172.16.5.182,23.513,8.75,38.275,null,null,4,null
,IN-39,iisc.ac.in,172.16.5.182,8.879,8.631,9.127,null,null,5,null
,IN-39,iisc.ac.in,49.44.220.185,8.795,8.702,8.888,19.12418,73.00551,6,Navi Mumbai
,IN-39,iisc.ac.in,104.44.11.214,29.994,28.02,31.968,19.14045,72.88235,14,Mumbai
,IN-39,iisc.ac.in,13.71.49.222,26.753,26.685,26.821,18.50423,73.85286,19,Pune
,IN-31,iisc.ac.in,192.168.0.2,0.684,0.67,0.698,11.07779105,76.98987909,1,Coimbatore
,IN-31,iisc.ac.in,203.129.254.17,0.923,0.835,1.01,11.01685,76.95583,2,Coimbatore
,IN-31,iisc.ac.in,59.144.62.33,1.972,1.884,2.06,8.52414,76.93664,3,Thiruvananthapuram
,IN-31,iisc.ac.in,116.119.72.22,3.623,3.266,3.979,28.54279,77.27675,4,Delhi
,IN-31,iisc.ac.in,116.119.72.22,3.096,3.076,3.115,28.54279,77.27675,5,Delhi
,IN-31,iisc.ac.in,51.10.44.156,19.382,19.382,19.382,13.08362,80.28252,8,Chennai
,IN-31,iisc.ac.in,51.10.26.236,23,22.687,23.313,52.51604,13.37691,10,Berlin
,IN-31,iisc.ac.in,104.44.20.68,33.142,22.409,43.875,19.14045,72.88235,11,Mumbai
,IN-31,iisc.ac.in,13.71.49.222,28.988,28.976,29,18.50423,73.85286,16,Pune
,IN-V2-198,iisc.ac.in,192.168.1.1,0.609,0.494,0.724,13.02136804,77.75943871,1,Bengaluru
,IN-V2-198,iisc.ac.in,10.240.9.208,4.888,4.238,5.537,null,null,2,null
,IN-V2-198,iisc.ac.in,125.18.215.57,4.135,2.942,5.328,12.9716,77.59456,4,Bangalore
,IN-V2-198,iisc.ac.in,104.44.20.52,33.39,27.666,39.114,19.14045,72.88235,10,Mumbai
,IN-V2-198,iisc.ac.in,13.71.49.222,27.811,27.627,27.996,18.50423,73.85286,15,Pune
,IN-V2-249,iisc.ac.in,10.100.100.100,0.916,0.91,0.922,12.929649,77.622468,1,Bengaluru
,IN-V2-249,iisc.ac.in,192.168.1.1,1.601,1.522,1.68,null,null,2,null
,IN-V2-249,iisc.ac.in,103.176.234.97,2.876,2.681,3.071,12.98498,77.588,3,Bangalore
,IN-V2-249,iisc.ac.in,103.77.108.26,19.928,14.936,24.921,19.14045,72.88234,4,Mumbai
,IN-V2-249,iisc.ac.in,13.71.49.222,17.31,17.213,17.407,18.50423,73.85286,13,Pune
,IN-V2-164,iisc.ac.in,192.168.9.254,0.247,0.226,0.268,8.5241391,76.9366376,1,Thiruvananthapuram
,IN-V2-164,iisc.ac.in,10.219.29.41,2.683,2.471,2.895,null,null,3,null
,IN-V2-164,iisc.ac.in,10.219.29.42,3.463,3.265,3.661,null,null,4,null
,IN-V2-164,iisc.ac.in,104.44.12.126,21.423,20.724,22.123,13.08362,80.28252,14,Chennai
,IN-V2-164,iisc.ac.in,13.71.49.222,33.499,33.481,33.517,18.50423,73.85286,24,Pune
,IN-V2-134,iisc.ac.in,192.168.1.1,0.846,0.748,0.944,12.8630352,77.4379779,1,Bengaluru
,IN-V2-134,iisc.ac.in,223.178.56.1,5.365,4.939,5.792,12.97431,77.58908,2,Bangalore
,IN-V2-134,iisc.ac.in,122.187.95.97,5.722,5.45,5.993,12.9716,77.59456,3,Bangalore
,IN-V2-134,iisc.ac.in,51.10.44.158,10.675,9.413,11.936,13.08362,80.28252,6,Chennai
,IN-V2-134,iisc.ac.in,13.71.49.222,27.64,27.243,28.037,18.50423,73.85286,15,Pune
,IN-V2-208,iisc.ac.in,192.168.0.1,0.494,0.477,0.511,13.0569467,80.242469,1,Chennai
,IN-V2-208,iisc.ac.in,10.209.0.1,1.215,1.17,1.261,null,null,2,null
,IN-V2-208,iisc.ac.in,104.44.23.255,15.456,15.456,15.456,13.08362,80.28252,7,Chennai
,IN-V2-208,iisc.ac.in,104.44.22.22,14.921,14.759,15.084,19.14045,72.88234,9,Mumbai
,IN-V2-208,iisc.ac.in,13.71.49.222,17.838,17.699,17.978,18.50423,73.85286,14,Pune
,IN-V2-249,108.117.11.94,10.100.100.100,1.003,0.967,1.04,12.929649,77.622468,1,Bengaluru
,IN-V2-249,108.117.11.94,192.168.1.1,1.547,1.43,1.665,null,null,2,null
,IN-V2-249,108.117.11.94,103.176.234.97,3.374,3.07,3.679,12.98498,77.588,3,Bangalore
,IN-V2-249,108.117.11.94,43.225.27.85,28.81,28.81,28.81,20.59368,78.96288,4,Hyderabad
,IN-V2-249,108.117.11.94,154.206.27.249,4.716,3.406,6.026,28.63089,77.21695,5,Delhi
,IN-V2-249,108.117.11.94,154.210.186.208,2.242,2.214,2.269,28.63089,77.21695,6,Delhi
,IN-V2-249,108.117.11.94,115.117.125.241,3.736,2.921,4.551,12.9716,77.59456,7,Bangalore
,IN-V2-249,108.117.11.94,172.31.244.45,16.602,8.961,24.242,null,null,8,null
,IN-28,github.com,192.168.0.1,0.541,0.51,0.572,13.0826802,80.2707184,1,Chennai
,IN-39,github.com,192.168.5.100,0.974,0.917,1.03,11.9415915,79.8083133,1,Puducherry
,IN-31,github.com,192.168.0.2,0.683,0.678,0.687,11.07779105,76.98987909,1,Coimbatore
,IN-V2-198,github.com,192.168.1.1,0.542,0.489,0.595,13.02136804,77.75943871,1,Bengaluru
,IN-V2-249,github.com,10.100.100.100,0.983,0.933,1.034,12.929649,77.622468,1,Bengaluru
,IN-V2-164,github.com,192.168.9.254,0.234,0.223,0.246,8.5241391,76.9366376,1,Thiruvananthapuram
,IN-V2-134,github.com,192.168.1.1,0.689,0.584,0.795,12.8630352,77.4379779,1,Bengaluru
,IN-V2-208,github.com,192.168.0.1,0.437,0.429,0.444,13.0569467,80.242469,1,Chennai
,IN-28,startupindia.gov.in,192.168.0.1,0.531,0.498,0.565,13.0826802,80.2707184,1,Chennai
,IN-39,startupindia.gov.in,192.168.5.100,0.991,0.925,1.058,11.9415915,79.8083133,1,Puducherry
,IN-31,startupindia.gov.in,192.168.0.2,0.719,0.715,0.723,11.07779105,76.98987909,1,Coimbatore
,IN-V2-198,startupindia.gov.in,192.168.1.1,0.491,0.413,0.568,13.02136804,77.75943871,1,Bengaluru
,IN-V2-249,startupindia.gov.in,10.100.100.100,0.92,0.897,0.944,12.929649,77.622468,1,Bengaluru
,IN-V2-164,startupindia.gov.in,192.168.9.254,0.239,0.231,0.246,8.5241391,76.9366376,1,Thiruvananthapuram
,IN-V2-134,startupindia.gov.in,192.168.1.1,0.842,0.74,0.944,12.8630352,77.4379779,1,Bengaluru
,IN-V2-208,startupindia.gov.in,192.168.0.1,0.445,0.403,0.486,13.0569467,80.242469,1,Chennai
,IN-2,nesac.gov.in,192.168.29.1,2.716,1.41,4.021,24.26854206,87.24865692,1,Dumka
,IN-13,nesac.gov.in,192.168.10.1,0.936,0.91,0.962,26.7231395,88.3960957,1,Siliguri
,IN-12,nesac.gov.in,192.168.10.1,0.865,0.861,0.87,22.0619697,88.0810686,1,Haldia
,IN-54,nesac.gov.in,192.168.0.1,1.497,1.45,1.544,25.590549,91.8878483,1,Shillong
,IN-67,nesac.gov.in,192.168.1.1,0.849,0.834,0.864,24.8420384,93.9409458,1,Imphal
,IN-V2-07,nesac.gov.in,192.168.29.1,0.884,0.813,0.955,22.6819879,88.4626431,1,Kolkata
,IN-V2-229,nesac.gov.in,192.168.7.1,0.725,0.692,0.758,22.4969825,88.3991579,1,Kolkata
,IN-V2-193,nesac.gov.in,10.230.244.1,0.52,0.516,0.524,22.5753931,88.4797903,1,New Town
,IN-V2-139,google.com,192.168.1.1,0.643,0.631,0.656,15.35993,75.1015343,1,Hubballi
,IN-V2-139,google.com,223.190.228.1,8.466,7.313,9.619,15.3585,75.1008,3,Hubballi
,IN-V2-139,google.com,125.17.254.213,9.517,9.501,9.534,15.3602,75.103,4,Hubballi
,IN-V2-139,google.com,116.119.158.147,25.503,25.482,25.524,15.3578,75.1012,5,Hubballi
,IN-V2-139,google.com,72.14.197.10,22.578,21.543,23.613,15.3595,75.1028,6,Hubballi
,IN-V2-139,google.com,216.239.51.91,21.361,21.187,21.536,15.3605,75.1009,7,Hubballi
,IN-V2-139,google.com,142.250.239.228,25.184,24.843,25.524,15.3588,75.102,8,Hubballi
,IN-V2-139,google.com,72.14.232.50,38.75,37.722,39.778,15.3591,75.1011,9,Hubballi
,IN-V2-139,google.com,216.239.48.64,37.088,36.813,37.364,15.36,75.1023,10,Hubballi
,IN-V2-139,google.com,192.178.110.209,37.649,37.614,37.683,null,null,10,null
,IN-V2-139,google.com,142.251.69.103,37.486,37.457,37.515,null,null,11,null
,IN-V2-139,google.com,142.251.42.78,38.539,37.36,39.718,13.97545,80.9245,12,Chennai
,IN-V2-208,google.com,192.168.0.1,0.446,0.438,0.454,13.0569467,80.242469,1,Chennai
,IN-V2-208,google.com,72.14.212.80,1.395,1.371,1.419,37.4224,-122.08421,5,Mountain View
,IN-V2-208,google.com,216.239.43.137,2.149,2.137,2.161,37.4224,-122.08421,6,Mountain View
,IN-V2-208,google.com,142.250.62.66,1.752,1.717,1.787,13.08362,80.28252,7,Chennai
,IN-V2-208,google.com,64.233.174.3,5.199,1.368,9.031,13.08362,80.28252,8,Chennai
,IN-V2-208,google.com,142.251.49.232,26.691,26.684,26.699,19.14045,72.88234,9,Mumbai
,IN-V2-208,google.com,192.178.110.207,19.704,19.68,19.727,19.14045,72.88234,10,Mumbai
,IN-V2-208,google.com,142.251.69.103,25.207,25.162,25.253,19.14045,72.88234,11,Mumbai
,IN-V2-208,google.com,142.251.42.78,28.48,28.409,28.552,19.14045,72.88234,12,Mumbai
,IN-28,github.com,192.168.0.1,0.541,0.51,0.572,13.0829,80.271,1,Chennai
,IN-28,github.com,203.129.222.145,11.607,11.178,12.036,13.0838,80.2722,2,Chennai
,IN-28,github.com,203.193.158.20,23.679,23.514,23.844,13.0817,80.2695,3,Chennai
,IN-28,github.com,59.160.150.5,28.765,28.145,29.385,13.0825,80.2705,4,Chennai
,IN-28,github.com,121.241.155.242,27.945,27.945,27.945,13.0833,80.2718,5,Chennai
,IN-28,github.com,104.44.11.186,50.638,50.123,51.154,13.0842,80.2729,7,Chennai
,IN-28,github.com,20.207.73.82,47.63,47.526,47.734,13.0851,80.2735,12,Chennai
,IN-39,github.com,192.168.5.100,0.974,0.917,1.03,11.9415915,79.8083133,1,Puducherry
,IN-39,github.com,203.193.135.2,1.378,1.214,1.542,12.6755915,79.345133,2,Puducherry
,IN-39,github.com,136.232.208.209,66.531,8.477,124.584,13.755915,79.234133,3,Puducherry
,IN-39,github.com,172.16.5.182,19.418,8.776,30.06,null,null,4,null
,IN-39,github.com,172.16.5.182,8.268,8.157,8.379,null,null,5,null
,IN-39,github.com,20.207.73.82,29.397,29.206,29.589,null,null,16,null
,IN-31,github.com,192.168.0.2,0.683,0.678,0.687,11.0778,76.9899,1,Coimbatore
,IN-31,github.com,203.129.254.17,0.895,0.874,0.917,11.0781,76.9902,2,Coimbatore
,IN-31,github.com,59.144.62.33,2.325,2.243,2.407,11.0775,76.9895,3,Coimbatore
,IN-31,github.com,116.119.72.22,3.313,3.245,3.381,11.0779,76.99,4,Coimbatore
,IN-31,github.com,116.119.72.22,23.904,3.277,44.531,11.0782,76.9898,5,Coimbatore
,IN-31,github.com,51.10.44.158,17.468,17.468,17.468,11.0776,76.9896,8,Coimbatore
,IN-31,github.com,104.44.29.63,35.487,35.437,35.538,11.078,76.9901,11,Coimbatore
,IN-31,github.com,104.44.16.68,27.815,27.751,27.879,11.0777,76.9897,12,Coimbatore
,IN-31,github.com,104.44.11.186,28.094,27.137,29.051,null,null,13,null
,IN-31,github.com,20.207.73.82,34.142,34.097,34.187,null,null,18,null
,IN-V2-198,github.com,192.168.1.1,0.542,0.489,0.595,13.0215,77.7596,1,Bengaluru
,IN-V2-198,github.com,10.240.9.208,17.05,16.691,17.408,13.0212,77.7592,1,Bengaluru
,IN-V2-198,github.com,125.18.215.61,4.269,2.812,5.725,13.0216,77.7597,1,Bengaluru
,IN-V2-198,github.com,51.10.26.232,27.01,25.467,28.553,13.0214,77.7595,1,Bengaluru
,IN-V2-198,github.com,104.44.11.254,25.215,25.073,25.357,13.0213,77.7593,1,Bengaluru
,IN-V2-198,github.com,20.207.73.82,26.687,25.876,27.497,13.0217,77.7598,1,Bengaluru
,IN-V2-249,github.com,10.100.100.100,0.983,0.933,1.034,12.9297,77.6226,1,Bengaluru
,IN-V2-249,github.com,192.168.1.1,1.541,1.427,1.656,2.864,77.4385,2,Bengaluru
,IN-V2-249,github.com,103.176.234.97,4.921,4.467,5.374,12.865,77.439,3,Bengaluru
,IN-V2-249,github.com,103.77.108.26,15.005,14.889,15.121,12.866,77.44,4,Bengaluru
,IN-V2-249,github.com,104.44.11.250,17.695,17.465,17.925,12.9297,null,8,null
,IN-V2-249,github.com,20.207.73.82,17.727,17.646,17.809,12.9297,null,13,null
,IN-V2-164,github.com,192.168.9.254,0.234,0.223,0.246,8.5241391,76.9366376,1,Thiruvananthapuram
,IN-V2-164,github.com,103.121.26.101,0.802,0.69,0.915,0.526,76.938,3,Thiruvananthapuram
,IN-V2-164,github.com,121.244.53.25,1.574,1.531,1.617,8.527,76.939,4,Thiruvananthapuram
,IN-V2-164,github.com,172.25.138.2,22.498,22.498,22.498,8.528,76.94,5,Thiruvananthapuram
,IN-V2-164,github.com,121.241.155.242,29.258,21.971,36.545,8.529,76.941,7,Thiruvananthapur
,IN-V2-164,github.com,104.44.23.255,34.699,34.699,34.699,null,null,7,null
,IN-V2-164,github.com,104.44.20.46,42.373,41.979,42.766,null,null,10,null
,IN-V2-164,github.com,20.207.73.82,38.116,37.523,38.709,null,null,15,null
,IN-V2-134,github.com,192.168.1.1,0.689,0.584,0.795,12.8630352,77.4379779,1,Bengaluru
,IN-V2-134,github.com,223.178.56.1,5.186,4.767,5.605,null,null,2,null
,IN-V2-134,github.com,122.187.95.101,15.729,4.254,27.205,null,null,3,null
,IN-V2-134,github.com,182.79.142.222,10.282,9.608,10.956,null,null,4,null
,IN-V2-134,github.com,104.44.11.186,29.127,28.754,29.5,null,null,10,null
,IN-V2-134,github.com,20.207.73.82,28.667,27.606,29.728,null,null,15,null
,IN-V2-208,github.com,192.168.0.1,0.437,0.429,0.444,13.0569467,80.242469,1,Chennai
,IN-V2-208,github.com,104.44.47.11,27.763,10.208,45.318,null,null,5,null
,IN-V2-208,github.com,20.207.73.82,14.616,14.5,14.732,null,null,14,null
,IN-28,paytm.in,192.168.0.1,0.635,0.591,0.68,13.0826802,80.2707184,1,Chennai
,IN-28,paytm.in,203.129.222.145,12.183,12.13,12.237,null,null,2,null
,IN-28,paytm.in,203.193.158.20,23.513,23.293,23.733,null,null,3,null
,IN-28,paytm.in,59.160.150.5,28.178,27.642,28.713,null,null,4,null
,IN-28,paytm.in,172.25.191.201,50.439,50.438,50.44,null,null,5,null
,IN-39,paytm.in,192.168.5.100,1.006,0.969,1.044,11.9415915,79.8083133,1,Puducherry
,IN-39,paytm.in,203.193.135.2,1.464,1.298,1.631,null,null,2,null
,IN-39,paytm.in,136.232.208.209,79.29,9.515,149.065,null,null,3,null
,IN-39,paytm.in,172.31.2.75,27.578,27.519,27.638,null,null,4,null
,IN-31,paytm.in,192.168.0.2,0.739,0.718,0.76,11.07779105,76.98987909,1,Coimbatore
,IN-31,paytm.in,203.129.254.17,1.027,1.002,1.052,null,null,2,null
,IN-31,paytm.in,121.241.155.113,1.53,1.357,1.703,null,null,3,null
,IN-31,paytm.in,172.25.191.201,23.503,23.325,23.681,null,null,4,null
,IN-V2-198,paytm.in,192.168.1.1,0.486,0.417,0.554,13.02136804,77.75943871,1,Bengaluru
,IN-V2-198,paytm.in,10.240.9.208,10.78,4.083,17.477,12.89904,75.576571,2,Bengaluru
,IN-V2-198,paytm.in,125.18.215.61,4.28,3.152,5.409,13.02136804,77.75943871,4,Bengaluru
,IN-V2-198,paytm.in,116.119.57.73,22.413,21.518,23.307,null,null,5,null
,IN-V2-249,paytm.in,10.100.100.100,0.94,0.932,0.949,12.929649,77.622468,1,Bengaluru
,IN-V2-249,paytm.in,192.168.1.1,1.558,1.439,1.677,12.929649,77.622468,2,Bengaluru
,IN-V2-249,paytm.in,103.176.234.97,2.938,2.322,3.554,null,null,3,null
,IN-V2-249,paytm.in,103.176.234.137,3.071,3.061,3.081,12.929649,77.622468,4,Bengaluru
,IN-V2-249,paytm.in,182.78.39.165,4.399,4.379,4.418,12.5467,76.97597,5,Bengaluru
,IN-V2-249,paytm.in,116.119.50.12,22.07,21.85,22.29,null,null,6,null
,IN-V2-164,paytm.in,192.168.9.254,0.241,0.22,0.262,8.5241391,76.9366376,1,Thiruvananthapuram
,IN-V2-164,paytm.in,10.219.29.41,2.545,2.329,2.762,8.12341391,76.35676,3,Thiruvananthapuram
,IN-V2-164,paytm.in,10.219.29.42,3.79,3.59,3.991,8.5241391,76.9366376,4,Thiruvananthapuram
,IN-V2-164,paytm.in,49.44.187.180,45.442,44.451,46.434,null,null,9,null
,IN-V2-134,paytm.in,192.168.1.1,1.971,0.745,3.197,12.8630352,77.4379779,1,Bengaluru
,IN-V2-134,paytm.in,223.178.56.1,6.663,2.779,10.546,13.5678952,76.45679779,2,Bengaluru
,IN-V2-134,paytm.in,122.187.95.101,5.215,4.775,5.655,12.1234352,77.9997779,3,Bengaluru
,IN-V2-134,paytm.in,116.119.50.12,25.488,25.219,25.756,null,null,4,null
,IN-V2-208,paytm.in,192.168.0.1,0.416,0.406,0.426,13.0569467,80.242469,1,Chennai
,IN-V2-208,paytm.in,172.25.191.201,23.674,23.616,23.731,null,null,5,null
,IN-28,metro.in,192.168.0.1,0.589,0.584,0.593,13.0826802,80.2707184,1,Chennai
,IN-28,metro.in,203.129.222.145,11.822,11.759,11.884,13.0843,80.27046,2,Chennai
,IN-28,metro.in,203.193.158.20,23.998,23.336,24.659,13.0843,80.27046,3,Chennai
,IN-28,metro.in,59.160.150.5,34.679,28.143,41.215,23.01101,72.50292,4,Ahmedabad
,IN-28,metro.in,172.29.209.113,31.532,28.604,34.46,null,null,5,null
,IN-28,metro.in,14.141.123.226,28.984,28.785,29.184,13.0843,80.27046,6,Chennai
,IN-28,metro.in,180.87.37.33,27.886,27.795,27.977,13.08362,80.28252,7,Chennai
,IN-28,metro.in,180.87.36.5,237.128,237.093,237.164,13.08362,80.28252,8,Chennai
,IN-28,metro.in,180.87.151.41,236.43,236.43,236.43,35.6074,140.13437,13,Chiba
,IN-39,metro.in,192.168.5.100,1.49,0.911,2.069,11.9415915,79.8083133,1,Puducherry
,IN-39,metro.in,203.193.135.2,1.392,1.239,1.545,21.1458,79.08816,2,Nagpur
,IN-39,metro.in,136.232.208.209,8.625,8.612,8.638,13.0843,80.27046,3,Chennai
,IN-39,metro.in,172.16.5.85,63.487,9.914,117.06,null,null,4,null
,IN-39,metro.in,172.16.5.85,9.016,8.917,9.115,null,null,5,null
,IN-39,metro.in,103.198.140.170,9.509,9.371,9.647,1.29431,103.85322,8,Singapore
,IN-39,metro.in,49.45.4.103,216.281,216.28,216.281,34.05361,-118.2455,9,Los Angeles
,IN-31,metro.in,192.168.0.2,0.658,0.622,0.695,11.07779105,76.98987909,1,Coimbatore
,IN-31,metro.in,203.129.254.17,0.939,0.904,0.975,11.01685,76.95583,2,Coimbatore
,IN-31,metro.in,121.241.155.113,1.331,1.187,1.475,23.01101,72.50292,3,Ahmedabad
,IN-31,metro.in,172.31.167.58,16.221,16.053,16.39,null,null,4,null
,IN-31,metro.in,14.141.123.226,16.224,16.172,16.276,13.0843,80.27046,5,Chennai
,IN-31,metro.in,180.87.37.33,16.223,16.17,16.276,13.08362,80.28252,6,Chennai
,IN-31,metro.in,180.87.36.5,227.479,227.185,227.772,13.08362,80.28252,7,Chennai
,IN-31,metro.in,180.87.36.139,224.288,224.288,224.288,13.08362,80.28252,8,Chennai
,IN-31,metro.in,180.87.151.34,227.039,227.039,227.039,35.6074,140.13437,11,Chiba
,IN-V2-198,metro.in,192.168.1.1,0.518,0.413,0.623,13.02136804,77.75943871,1,Bengaluru
,IN-V2-198,metro.in,10.240.9.208,4.035,2.499,5.571,null,null,2,null
,IN-V2-198,metro.in,125.18.215.61,4.229,3.191,5.266,12.9716,77.59456,4,Bangalore
,IN-V2-198,metro.in,116.119.44.136,213.065,211.289,214.84,34.05361,-118.2455,5,Los Angeles
,IN-V2-249,metro.in,10.100.100.100,0.929,0.926,0.933,12.929649,77.622468,1,Bengaluru
,IN-V2-249,metro.in,192.168.1.1,1.536,1.448,1.624,null,null,2,null
,IN-V2-249,metro.in,103.176.234.97,2.629,2.4,2.858,12.98498,77.588,3,Bangalore
,IN-V2-249,metro.in,103.176.234.137,2.953,2.886,3.021,12.98498,77.588,4,Bangalore
,IN-V2-249,metro.in,182.78.39.165,4.345,4.238,4.452,12.91414,74.85596,5,Mangalore
,IN-V2-249,metro.in,116.119.112.98,228.03,208.81,247.25,34.05361,-118.2455,6,Los Angeles
,IN-V2-164,metro.in,192.168.9.254,0.261,0.226,0.296,8.5241391,76.9366376,1,Thiruvananthapuram
,IN-V2-164,metro.in,103.121.26.101,0.475,0.46,0.489,8.52414,76.93664,2,Thiruvananthapuram
,IN-V2-164,metro.in,121.244.53.25,1.353,1.188,1.518,9.93096,76.30028,3,Ernakulam
,IN-V2-164,metro.in,172.31.167.58,22.853,20.821,24.885,null,null,4,null
,IN-V2-164,metro.in,14.141.123.226,22.338,22.18,22.495,13.0843,80.27046,5,Chennai
,IN-V2-164,metro.in,180.87.37.33,23.089,22.192,23.986,13.08362,80.28252,6,Chennai
,IN-V2-164,metro.in,180.87.36.5,234.656,234.569,234.742,13.08362,80.28252,7,Chennai
,IN-V2-164,metro.in,180.87.36.139,229.282,229.282,229.282,13.08362,80.28252,8,Chennai
,IN-V2-134,metro.in,192.168.1.1,0.567,0.543,0.592,12.8630352,77.4379779,1,Bengaluru
,IN-V2-134,metro.in,223.178.56.1,6.636,4.288,8.983,12.97354,77.59034,2,Bangalore
,IN-V2-134,metro.in,122.187.95.101,6.04,5.456,6.625,12.9716,77.59456,3,Bangalore
,IN-V2-134,metro.in,116.119.57.43,218.093,212.516,223.671,34.05361,-118.2455,4,Los Angeles
,IN-V2-208,metro.in,192.168.0.1,0.489,0.418,0.56,13.0569467,80.242469,1,Chennai
,IN-V2-208,metro.in,10.209.0.1,1.245,1.149,1.34,null,null,2,null
,IN-V2-208,metro.in,172.31.167.54,1.426,1.423,1.43,null,null,5,null
,IN-V2-208,metro.in,14.141.123.226,3.157,1.475,4.84,13.0843,80.27046,6,Chennai
,IN-V2-208,metro.in,180.87.37.33,1.935,1.626,2.244,13.08362,80.28252,7,Chennai
,IN-V2-208,metro.in,180.87.36.5,208.326,208.292,208.361,13.08362,80.28252,8,Chennai
,IN-V2-208,metro.in,180.87.36.41,214.247,214.247,214.247,1.29041,103.85211,10,Singapore
,IN-V2-208,metro.in,180.87.151.46,202.963,202.963,202.963,35.6074,140.13437,12,Chiba
,IN-28,sbi.co.in,192.168.0.1,0.903,0.592,1.215,13.0826802,80.2707184,1,Chennai
,IN-28,sbi.co.in,203.129.222.145,11.891,11.843,11.939,13.0843,80.27046,2,Chennai
,IN-28,sbi.co.in,203.193.158.20,23.226,22.983,23.468,13.0843,80.27046,3,Chennai
,IN-28,sbi.co.in,59.160.150.5,27.116,26.097,28.134,23.01101,72.50292,4,Ahmedabad
,IN-28,sbi.co.in,172.31.167.45,25.091,23.391,26.791,null,null,5,null
,IN-28,sbi.co.in,115.114.26.242,27.902,27.478,28.326,13.08362,80.28252,7,Chennai
,IN-39,sbi.co.in,192.168.5.100,1.022,0.968,1.076,11.9415915,79.8083133,1,Puducherry
,IN-39,sbi.co.in,203.193.135.2,1.358,1.224,1.492,21.1458,79.08816,2,Nagpur
,IN-39,sbi.co.in,136.232.208.209,9.515,9.425,9.605,13.0843,80.27046,3,Chennai
,IN-39,sbi.co.in,172.16.5.182,9.599,9.266,9.931,null,null,4,null
,IN-39,sbi.co.in,172.16.5.182,9.161,9.005,9.316,null,null,5,null
,IN-39,sbi.co.in,49.44.187.171,9.273,9.219,9.328,13.08362,80.28252,6,Chennai
,IN-31,sbi.co.in,192.168.0.2,0.662,0.639,0.684,11.07779105,76.98987909,1,Coimbatore
,IN-31,sbi.co.in,203.129.254.17,0.948,0.886,1.01,11.01685,76.95583,2,Coimbatore
,IN-31,sbi.co.in,59.144.62.33,2.733,2.658,2.807,8.52414,76.93664,3,Thiruvananthapuram
,IN-31,sbi.co.in,116.119.72.22,3.407,3.353,3.46,28.54279,77.27675,4,Delhi
,IN-31,sbi.co.in,116.119.72.22,3.089,3.037,3.142,28.54279,77.27675,5,Delhi
,IN-31,sbi.co.in,116.119.36.61,13.711,13.618,13.804,13.08362,80.28252,6,Chennai
,IN-31,sbi.co.in,182.79.245.225,17.195,17.128,17.262,13.08362,80.28252,7,Chennai
,IN-V2-198,sbi.co.in,192.168.1.1,0.503,0.437,0.568,13.02136804,77.75943871,1,Bengaluru
,IN-V2-198,sbi.co.in,10.240.9.208,6.238,4.627,7.849,null,null,2,null
,IN-V2-198,sbi.co.in,125.18.215.61,5.074,4.322,5.826,12.9716,77.59456,4,Bangalore
,IN-V2-198,sbi.co.in,116.119.61.127,10.48,9.422,11.539,13.08362,80.28252,5,Chennai
,IN-V2-198,sbi.co.in,182.79.245.225,9.657,9.497,9.818,13.08362,80.28252,6,Chennai
,IN-V2-249,sbi.co.in,10.100.100.100,0.96,0.907,1.014,12.929649,77.622468,1,Bengaluru
,IN-V2-249,sbi.co.in,103.176.234.97,3.454,2.748,4.16,12.98498,77.588,3,Bangalore
,IN-V2-249,sbi.co.in,103.77.109.140,16.606,16.561,16.651,19.14045,72.88234,4,Mumbai
,IN-V2-164,sbi.co.in,192.168.9.254,0.233,0.226,0.24,8.5241391,76.9366376,1,Thiruvananthapuram
,IN-V2-164,sbi.co.in,103.121.26.101,0.547,0.512,0.582,8.52414,76.93664,2,Thiruvananthapuram
,IN-V2-164,sbi.co.in,121.244.53.25,1.639,1.615,1.662,9.93096,76.30028,3,Ernakulam
,IN-V2-164,sbi.co.in,115.114.26.242,21.774,21.63,21.919,13.08362,80.28252,5,Chennai
,IN-V2-134,sbi.co.in,192.168.1.1,0.805,0.776,0.833,12.8630352,77.4379779,1,Bengaluru
,IN-V2-134,sbi.co.in,223.178.56.1,4.708,3.863,5.553,12.97354,77.59034,2,Bangalore
,IN-V2-134,sbi.co.in,122.187.95.101,9.04,7.691,10.389,12.9716,77.59456,3,Bangalore
,IN-V2-134,sbi.co.in,182.79.245.225,9.857,9.264,10.451,13.08362,80.28252,5,Chennai
,IN-V2-208,sbi.co.in,192.168.0.1,0.424,0.423,0.424,13.0569467,80.242469,1,Chennai
,IN-V2-208,sbi.co.in,115.114.26.242,2.563,2.447,2.679,13.08362,80.28252,5,Chennai
,IN-28,uidai.gov.in,192.168.0.1,0.55,0.503,0.597,13.0826802,80.2707184,1,Chennai
,IN-28,uidai.gov.in,203.129.222.145,12.861,11.991,13.731,13.0843,80.27046,2,Chennai
,IN-28,uidai.gov.in,203.193.158.20,23.802,23.763,23.841,13.0843,80.27046,3,Chennai
,IN-28,uidai.gov.in,59.160.150.5,28.579,27.86,29.298,23.01101,72.50292,4,Ahmedabad
,IN-28,uidai.gov.in,172.31.244.46,34.109,33.819,34.4,null,null,5,null
,IN-28,uidai.gov.in,59.160.204.110,34.96,34.677,35.244,12.9716,77.59456,6,Bangalore
,IN-39,uidai.gov.in,192.168.5.100,1.022,0.959,1.084,11.9415915,79.8083133,1,Puducherry
,IN-39,uidai.gov.in,203.193.135.2,1.539,1.475,1.603,21.1458,79.08816,2,Nagpur
,IN-39,uidai.gov.in,136.232.208.209,9.342,8.41,10.275,13.0843,80.27046,3,Chennai
,IN-39,uidai.gov.in,115.112.8.49,7.71,7.624,7.796,13.08362,80.28252,4,Chennai
,IN-39,uidai.gov.in,59.160.204.110,15.4,13.687,17.113,12.9716,77.59456,6,Bangalore
,IN-31,uidai.gov.in,192.168.0.2,0.674,0.654,0.693,11.07779105,76.98987909,1,Coimbatore
,IN-31,uidai.gov.in,203.129.254.17,2.367,0.908,3.825,11.01685,76.95583,2,Coimbatore
,IN-31,uidai.gov.in,121.241.155.113,1.553,1.218,1.888,23.01101,72.50292,3,Ahmedabad
,IN-31,uidai.gov.in,172.21.58.213,7.173,7.147,7.199,null,null,4,null
,IN-31,uidai.gov.in,59.160.204.110,8.109,8.097,8.121,12.9716,77.59456,5,Bangalore
,IN-V2-198,uidai.gov.in,192.168.1.1,0.489,0.416,0.562,13.02136804,77.75943871,1,Bengaluru
,IN-V2-198,uidai.gov.in,10.240.9.208,5.816,5.476,6.155,null,null,2,null
,IN-V2-198,uidai.gov.in,125.18.215.61,4.292,3.1,5.484,12.9716,77.59456,4,Bangalore
,IN-V2-198,uidai.gov.in,182.79.153.0,10.619,5.571,15.666,28.49446,77.08408,5,Gurugram
,IN-V2-198,uidai.gov.in,59.144.94.26,5.023,4.803,5.243,12.94027,77.68948,6,Bangalore
,IN-V2-249,uidai.gov.in,10.100.100.100,0.936,0.921,0.951,12.929649,77.622468,1,Bengaluru
,IN-V2-249,uidai.gov.in,192.168.1.1,1.556,1.429,1.682,null,null,2,null
,IN-V2-249,uidai.gov.in,103.176.234.97,2.82,2.586,3.054,12.98498,77.588,3,Bangalore
,IN-V2-249,uidai.gov.in,103.176.234.137,3.282,3.031,3.533,12.98498,77.588,4,Bangalore
,IN-V2-249,uidai.gov.in,182.78.39.165,7.007,5.929,8.085,12.91414,74.85596,5,Mangalore
,IN-V2-249,uidai.gov.in,59.144.94.26,5.141,5.127,5.154,12.94027,77.68948,6,Bangalore
,IN-V2-164,uidai.gov.in,192.168.9.254,0.232,0.227,0.238,8.5241391,76.9366376,1,Thiruvananthapuram
,IN-V2-164,uidai.gov.in,103.121.26.101,0.541,0.524,0.558,8.52414,76.93664,2,Thiruvananthapuram
,IN-V2-164,uidai.gov.in,121.244.53.25,1.575,1.547,1.603,9.93096,76.30028,3,Ernakulam
,IN-V2-164,uidai.gov.in,172.21.58.213,18.743,18.534,18.952,null,null,4,null
,IN-V2-164,uidai.gov.in,59.160.204.110,19.671,19.646,19.696,12.9716,77.59456,5,Bangalore
,IN-V2-134,uidai.gov.in,192.168.1.1,0.804,0.752,0.857,12.8630352,77.4379779,1,Bengaluru
,IN-V2-134,uidai.gov.in,223.178.56.1,6.058,5.214,6.901,12.97354,77.59034,2,Bangalore
,IN-V2-134,uidai.gov.in,122.187.95.97,5.01,4.349,5.672,12.9716,77.59456,3,Bangalore
,IN-V2-134,uidai.gov.in,59.144.94.26,6.132,5.702,6.561,12.94027,77.68948,4,Bangalore
,IN-V2-208,uidai.gov.in,192.168.0.1,0.393,0.387,0.399,13.0569467,80.242469,1,Chennai
,IN-V2-208,uidai.gov.in,172.31.244.46,5.644,5.513,5.775,null,null,5,null
,IN-V2-208,uidai.gov.in,59.160.204.110,6.64,6.503,6.777,12.9716,77.59456,6,Bangalore
